1,Clarabelle,Fasler,cfasler0@howstuffworks.com,1983-03-08T22:11:06
2,Dulcy,Warbys,dwarbys1@digg.com,1981-07-20T13:09:43
3,Harold,Potbury,hpotbury2@unicef.org,1985-11-06T03:37:35
4,Doris,Ridolfi,dridolfi3@nationalgeographic.com,1985-02-24T00:07:23
5,Huntley,Seyers,hseyers4@nhs.uk,1986-02-02T04:12:00
6,Torry,Hars,thars5@yandex.ru,1986-04-28T13:11:23
7,Karoly,Heningham,kheningham6@slideshare.net,1980-06-22T01:07:24
8,Delcine,Cowpland,dcowpland7@opera.com,1989-10-09T17:37:38
9,Moselle,Winscum,mwinscum8@mozilla.org,1984-12-26T08:17:34
10,Claudetta,Tease,ctease9@tripadvisor.com,1980-08-27T19:14:08